"order","createdAt","updatedAt","userId","serverId"
"1","2016-10-03 09:58:26","2016-10-04 11:18:40","1","1"
"1","2016-10-04 11:18:40","2016-10-04 11:18:40","2","1"
"1","2016-10-03 14:54:53","2016-10-03 14:54:53","2","3"
"1","2016-10-04 11:18:40","2016-10-04 11:18:40","3","1"
"1","2016-10-04 11:18:40","2016-10-04 11:18:40","24","1"
"1","2016-10-04 11:18:40","2016-10-04 11:18:40","25","1"
"1","2016-10-04 11:18:40","2016-10-04 11:18:40","26","1"
"1","2016-10-04 11:18:40","2016-10-04 11:18:40","27","1"
"1","2016-10-04 11:18:40","2016-10-04 11:18:40","28","1"
"1","2016-10-04 11:18:40","2016-10-04 11:18:40","29","1"
"1","2016-10-04 11:18:40","2016-10-04 11:18:40","30","1"
"1","2016-10-04 11:18:40","2016-10-04 11:18:40","31","1"
"1","2016-10-04 11:18:40","2016-10-04 11:18:40","32","1"
"1","2016-10-04 11:18:40","2016-10-04 11:18:40","33","1"
"1","2016-10-04 11:18:40","2016-10-04 11:18:40","34","1"
"1","2016-10-04 11:18:40","2016-10-04 11:18:40","35","1"
"1","2016-10-04 11:18:40","2016-10-04 11:18:40","36","1"
"1","2016-10-04 11:18:40","2016-10-04 11:18:40","37","1"
"1","2016-10-04 11:18:40","2016-10-04 11:18:40","38","1"
"1","2016-10-04 11:18:40","2016-10-04 11:18:40","39","1"
"1","2016-10-04 11:18:40","2016-10-04 11:18:40","40","1"
"1","2016-10-04 11:18:40","2016-10-04 11:18:40","41","1"
"1","2016-10-04 11:18:40","2016-10-04 11:18:40","42","1"
"1","2016-10-04 11:18:40","2016-10-04 11:18:40","43","1"